Filename_ID,Sample,Condition
RNA_1A_03400AAF_TGGACCCT-TAGGGACG,Takara_1,Takara
RNA_1B_03403AAF_CCAATGAA-TAGCTCAC,Takara_2,Takara
RNA_1C_03407AAF_GCTTAAGT-TGTTTACT,Takara_3,Takara
RNA_2B_03404AAF_ATCAGTTG-CCCGCGTT,New_250_1,New_250
RNA_2C_03408AAF_ACACGTAT-TTACATCG,New_250_2,New_250
RNA_3A_03401AAF_CGCTTGCA-TAATCGTA,New_500_1,New_500
RNA_3B_03405AAF_ACATACAC-AGCACAAG,New_500_2,New_500
RNA_3C_03409AAF_CAAGAAGT-CGACTAGG,New_500_3,New_500
RNA_4A_03402AAF_GTTGCCTT-CGATCTTT,Old_250_1,Old_250
RNA_4B_03406AAF_CTCCATAT-GGGTAAGC,Old_250_2,Old_250
RNA_4C_03410AAF_TATCAGTA-TTACTACT,Old_250_3,Old_250
